id,title,authors,year,venue,search_string
1,ASTER: Natural and Multi-Language Unit Test Generation with LLMs,Rangeet Pan; Myeongsoo Kim; Rahul Krishna; Raju Pavuluri; Saurabh Sinha,2025,2025 IEEE/ACM 47th International Conference on Software Engineering: Software Engineering in Practice (ICSE-SEIP),"(""large language model"" OR LLM OR GPT-4 OR ChatGPT) AND (""unit test generation"" OR ""test case generation"" OR ""automated test generation"") AND (Java OR Python)"
2,Static Analysis and LLM for Comprehensive Java Unit Test Generation,Wei Wei,2025,"2025 8th International Conference on Advanced Electronic Materials, Computers and Software Engineering (AEMCSE)","(""large language model"" OR LLM OR GPT-4 OR ChatGPT) AND (""unit test generation"" OR ""test case generation"" OR ""automated test generation"") AND (Java OR Python)"
3,Unit Test Generation using Generative AI : A Comparative Performance Analysis of Autogeneration Tools,Shreya Bhatia; Tarushi Gandhi; Dhruv Kumar; Pankaj Jalote,2024,2024 IEEE/ACM International Workshop on Large Language Models for Code (LLM4Code),"(""large language model"" OR LLM OR GPT-4 OR ChatGPT) AND (""unit test generation"" OR ""test case generation"" OR ""automated test generation"") AND (Java OR Python)"
4,Evaluating ChatGPT-driven Automated Test Generation for Personalized Programming Education,Christos Troussas; Christos Papakostas; Akrivi Krouska; Phivos Mylonas; Cleo Sgouropoulou,2024,2024 2nd International Conference on Foundation and Large Language Models (FLLM),"(""large language model"" OR LLM OR GPT-4 OR ChatGPT) AND (""unit test generation"" OR ""test case generation"" OR ""automated test generation"") AND (Java OR Python)"
5,HITS: High-coverage LLM-based Unit Test Generation via Method Slicing,Zejun Wang; Kaibo Liu; Ge Li; Zhi Jin,2024,2024 39th IEEE/ACM International Conference on Automated Software Engineering (ASE),"(""large language model"" OR LLM OR GPT-4 OR ChatGPT) AND (""unit test generation"" OR ""test case generation"" OR ""automated test generation"") AND (Java OR Python)"
6,Test Intention Guided LLM-Based Unit Test Generation,Zifan Nan; Zhaoqiang Guo; Kui Liu; Xin Xia,2025,2025 IEEE/ACM 47th International Conference on Software Engineering (ICSE),"(""large language model"" OR LLM OR GPT-4 OR ChatGPT) AND (""unit test generation"" OR ""test case generation"" OR ""automated test generation"") AND (Java OR Python)"
7,AI-Powered Multi-Agent Framework for Automated Unit Test Case Generation: Enhancing Software Quality through LLM’s,Anusha Garlapati; M N V Satya Sai Muni Parmesh; Savitha; Jaisri S,2024,2024 5th IEEE Global Conference for Advancement in Technology (GCAT),"(""large language model"" OR LLM OR GPT-4 OR ChatGPT) AND (""unit test generation"" OR ""test case generation"" OR ""automated test generation"") AND (Java OR Python)"
8,A Three-Stage Pipeline using ReAct and Reflexion for Reliable LLM-based Java Unit Test Case Generator,Reza P. Ubaidillah; Yani Widyani,2025,2025 IEEE International Conference on Data and Software Engineering (ICoDSE),"(""large language model"" OR LLM OR GPT-4 OR ChatGPT) AND (""unit test generation"" OR ""test case generation"" OR ""automated test generation"") AND (Java OR Python)"
9,LLMs for Automated Unit Test Generation and Assessment in Java: The AgoneTest Framework,Andrea Lops; Fedelucio Narducci; Azzurra Ragone; Michelantonio Trizio; Claudio Bartolini,2025,2025 40th IEEE/ACM International Conference on Automated Software Engineering (ASE),"(""large language model"" OR LLM OR GPT-4 OR ChatGPT) AND (""unit test generation"" OR ""test case generation"" OR ""automated test generation"") AND (Java OR Python)"
10,Automated Validation of COBOL to Java Transformation,Atul Kumar; Diptikalyan Saha; Toshikai Yasue; Kohichi Ono; Saravanan Krishnan; Sandeep Hans; Fumiko Satoh; Gerald Mitchell; Sachin Kumar,2024,2024 39th IEEE/ACM International Conference on Automated Software Engineering (ASE),"(""large language model"" OR LLM OR GPT-4 OR ChatGPT) AND (""unit test generation"" OR ""test case generation"" OR ""automated test generation"") AND (Java OR Python)"
11,Navigating the Labyrinth: Path-Sensitive Unit Test Generation with Large Language Models,Dianshu Liao; Xin Yin; Shidong Pan; Chao Ni; Zhenchang Xing; Xiaoyu Sun,2025,2025 40th IEEE/ACM International Conference on Automated Software Engineering (ASE),"(""large language model"" OR LLM OR GPT-4 OR ChatGPT) AND (""unit test generation"" OR ""test case generation"" OR ""automated test generation"") AND (Java OR Python)"
12,A System for Automated Unit Test Generation using Large Language Models and Assessment of Generated Test Suites,Andrea Lops; Fedelucio Narducci; Azzurra Ragone; Michelantonio Trizio; Claudio Bartolini,2025,"2025 IEEE International Conference on Software Testing, Verification and Validation Workshops (ICSTW)","(""large language model"" OR LLM OR GPT-4 OR ChatGPT) AND (""unit test generation"" OR ""test case generation"" OR ""automated test generation"") AND (Java OR Python)"
13,On the Evaluation of Large Language Models in Unit Test Generation,Lin Yang; Chen Yang; Shutao Gao; Weijing Wang; Bo Wang; Qihao Zhu; Xiao Chu; Jianyi Zhou; Guangtai Liang; Qianxiang Wang; Junjie Chen,2024,2024 39th IEEE/ACM International Conference on Automated Software Engineering (ASE),"(""large language model"" OR LLM OR GPT-4 OR ChatGPT) AND (""unit test generation"" OR ""test case generation"" OR ""automated test generation"") AND (Java OR Python)"
14,Vulnerability-Triggering Test Case Generation from Third-Party Libraries,Yi Gao; Xing Hu; Zirui Chen; Tongtong Xu; Xiaohu Yang,2025,2025 IEEE/ACM Second International Conference on AI Foundation Models and Software Engineering (Forge),"(""large language model"" OR LLM OR GPT-4 OR ChatGPT) AND (""unit test generation"" OR ""test case generation"" OR ""automated test generation"") AND (Java OR Python)"
15,Reinforcement Learning from Automatic Feedback for High-Quality Unit Test Generation,Benjamin Steenhoek; Michele Tufano; Neel Sundaresan; Alexey Svyatkovskiy,2025,2025 IEEE/ACM International Workshop on Deep Learning for Testing and Testing for Deep Learning (DeepTest),"(""large language model"" OR LLM OR GPT-4 OR ChatGPT) AND (""unit test generation"" OR ""test case generation"" OR ""automated test generation"") AND (Java OR Python)"
16,Multi-Agent Assisted Automatic Test Generation for Java JSON Libraries,Sinan Wang; Zhiyuan Zhong; Shaojin Wen; Yepang Liu,2025,2025 32nd Asia-Pacific Software Engineering Conference (APSEC),"(""large language model"" OR LLM OR GPT-4 OR ChatGPT) AND (""unit test generation"" OR ""test case generation"" OR ""automated test generation"") AND (Java OR Python)"
17,gptPromptFuzz: LLM Prompt Engineering Based Seed Generation for Effective Fuzzing,Darshan Lohiya; Vivek Yelleti; Sangharatna Godboley; P. Radha Krishna,2025,TENCON 2025 - 2025 IEEE Region 10 Conference (TENCON),"(""large language model"" OR LLM OR GPT-4 OR ChatGPT) AND (""unit test generation"" OR ""test case generation"" OR ""automated test generation"") AND (Java OR Python)"
18,AI-Based Unit Test Framework for C Code With Large Language Models,Chih-Wei Hsu; W. Eric Wong; Zizhao Chen; George Dai,2025,2025 12th International Conference on Dependable Systems and Their Applications (DSA),"(""large language model"" OR LLM OR GPT-4 OR ChatGPT) AND (""unit test generation"" OR ""test case generation"" OR ""automated test generation"") AND (Java OR Python)"
19,A Multi-Stage Approach for LLM-Based Automated Repair of Test Cases,Xiaoyin Wang; Zhaorong Ji; Yao Wang; Mengfan Liu,2026,2026 8th International Conference on Natural Language Processing (ICNLP),"(""large language model"" OR LLM OR GPT-4 OR ChatGPT) AND (""unit test generation"" OR ""test case generation"" OR ""automated test generation"") AND (Java OR Python)"
20,What Inputs Drive Effective Large Language Model-Based Unit Test Generation?,Saarang Agarwal; Pengyu Nie; Meiyappan Nagappan,2026,IEEE Software,"(""large language model"" OR LLM OR GPT-4 OR ChatGPT) AND (""unit test generation"" OR ""test case generation"" OR ""automated test generation"") AND (Java OR Python)"
21,"Test Wars: A Comparative Study of SBST, Symbolic Execution, and LLM-Based Approaches to Unit Test Generation",Azat Abdullin; Pouria Derakhshanfar; Annibale Panichella,2025,"2025 IEEE Conference on Software Testing, Verification and Validation (ICST)","(""large language model"" OR LLM OR GPT-4 OR ChatGPT) AND (""unit test generation"" OR ""test case generation"" OR ""automated test generation"") AND (Java OR Python)"
22,LLMFuzzTestGen: From Automation to Robustness via Multi-Agent LLM-Driven Fuzzing and Feedback Loops,Jamal Abdullahi Nuh; Tieng Wei Koh; Mohd Hafeez Osman; Babangida Lawal; Mohamed Abdullahi Ali; Adam Amril Jaharadak,2025,2025 7th International Conference on Interdisciplinary Computer Science and Engineering (ICICSE),"(""large language model"" OR LLM OR GPT-4 OR ChatGPT) AND (""unit test generation"" OR ""test case generation"" OR ""automated test generation"") AND (Java OR Python)"
23,PyLC+: A Scalable Python Framework for Automated Translation and Testing of Industrial PLC Programs,Mikael Ebrahimi Salari; Eduard Paul Enoiu; Alessio Bucaioni; Wasif Afzal; Cristina Seceleanu,2025,"2025 IEEE 49th Annual Computers, Software, and Applications Conference (COMPSAC)","(""large language model"" OR LLM OR GPT-4 OR ChatGPT) AND (""unit test generation"" OR ""test case generation"" OR ""automated test generation"") AND (Java OR Python)"
24,CubeTesterAI: Automated JUnit Test Generation Using the LLaMA Model,Daniele Gorla; Shivam Kumar; Pietro Nicolaus Roselli Lorenzini; Alireza Alipourfaz,2025,"2025 IEEE Conference on Software Testing, Verification and Validation (ICST)","(""large language model"" OR LLM OR GPT-4 OR ChatGPT) AND (""unit test generation"" OR ""test case generation"" OR ""automated test generation"") AND (Java OR Python)"
25,A Retrospective on Whole Test Suite Generation: On the Role of SBST in the Age of LLMs,Gordon Fraser; Andrea Arcuri,2025,IEEE Transactions on Software Engineering,"(""large language model"" OR LLM OR GPT-4 OR ChatGPT) AND (""unit test generation"" OR ""test case generation"" OR ""automated test generation"") AND (Java OR Python)"
26,LLMs and Prompting for Unit Test Generation: A Large-Scale Evaluation,Wendkûuni C. Ouédraogo; Kader Kaboré; Yewei Song; Jacques Klein; Haoye Tian; Anil Koyuncu; David Lo; Tegawendé F. Bissyandé,2024,2024 39th IEEE/ACM International Conference on Automated Software Engineering (ASE),"(""large language model"" OR LLM OR GPT-4 OR ChatGPT) AND (""unit test generation"" OR ""test case generation"" OR ""automated test generation"") AND (Java OR Python)"
27,Empowering Educators: Towards a GPT-Based Approach to Automate Unit Test Generation,Mohamed Elhayany; Christoph Meinel,2025,2025 IEEE Global Engineering Education Conference (EDUCON),"(""large language model"" OR LLM OR GPT-4 OR ChatGPT) AND (""unit test generation"" OR ""test case generation"" OR ""automated test generation"") AND (Java OR Python)"
28,MAGISTER: LLM-Based Test Generation with Role-Specialized Agents,Abdellatif Ahammad; Manal El Bajta; Maryam Radgui,2025,2025 International Conference on Intelligent Systems: Theories and Applications (SITA),"(""large language model"" OR LLM OR GPT-4 OR ChatGPT) AND (""unit test generation"" OR ""test case generation"" OR ""automated test generation"") AND (Java OR Python)"
29,Automated Control Logic Test Case Generation using Large Language Models,Heiko Koziolek; Virendra Ashiwal; Soumyadip Bandyopadhyay; Chandrika K R,2024,2024 IEEE 29th International Conference on Emerging Technologies and Factory Automation (ETFA),"(""large language model"" OR LLM OR GPT-4 OR ChatGPT) AND (""unit test generation"" OR ""test case generation"" OR ""automated test generation"") AND (Java OR Python)"
30,WIP: CodeInspector: Automated LLM-Supported CS1-Level Code Assessment,Essa Imhmed; Edgar Ceh-Varela; Ludwig Scherer; George Candal; Ivan Sanjaya,2025,2025 IEEE Frontiers in Education Conference (FIE),"(""large language model"" OR LLM OR GPT-4 OR ChatGPT) AND (""unit test generation"" OR ""test case generation"" OR ""automated test generation"") AND (Java OR Python)"
31,ChatGPT vs SBST: A Comparative Assessment of Unit Test Suite Generation,Yutian Tang; Zhijie Liu; Zhichao Zhou; Xiapu Luo,2024,IEEE Transactions on Software Engineering,"(""large language model"" OR LLM OR GPT-4 OR ChatGPT) AND (""unit test generation"" OR ""test case generation"" OR ""automated test generation"") AND (Java OR Python)"
32,Nuances are the Key: Unlocking ChatGPT to Find Failure-Inducing Tests with Differential Prompting,Tsz-On Li; Wenxi Zong; Yibo Wang; Haoye Tian; Ying Wang; Shing-Chi Cheung; Jeff Kramer,2023,2023 38th IEEE/ACM International Conference on Automated Software Engineering (ASE),"(""large language model"" OR LLM OR GPT-4 OR ChatGPT) AND (""unit test generation"" OR ""test case generation"" OR ""automated test generation"") AND (Java OR Python)"
33,An Evaluation Framework for Software Unit Tests Generated by Large Language Models,Steven Thanhtan Nguyen; Smita Bharath; Hajar Homayouni,2025,2025 IEEE 36th International Symposium on Software Reliability Engineering Workshops (ISSREW),"(""large language model"" OR LLM OR GPT-4 OR ChatGPT) AND (""unit test generation"" OR ""test case generation"" OR ""automated test generation"") AND (Java OR Python)"
34,ScenEval: A Benchmark for Scenario-Based Evaluation of Code Generation,Debalina Ghosh Paul; Hong Zhu; Ian Bayley,2024,2024 IEEE International Conference on Artificial Intelligence Testing (AITest),"(""large language model"" OR LLM OR GPT-4 OR ChatGPT) AND (""unit test generation"" OR ""test case generation"" OR ""automated test generation"") AND (Java OR Python)"
35,Cypress Copilot: Development of an AI Assistant for Boosting Productivity and Transforming Web Application Testing,Suresh Babu Nettur; Shanthi Karpurapu; Unnati Nettur; Likhit Sagar Gajja,2025,IEEE Access,"(""large language model"" OR LLM OR GPT-4 OR ChatGPT) AND (""unit test generation"" OR ""test case generation"" OR ""automated test generation"") AND (Java OR Python)"
36,From Misuse to Mastery: Enhancing Code Generation with Knowledge-Driven AI Chaining,Xiaoxue Ren; Xinyuan Ye; Dehai Zhao; Zhenchang Xing; Xiaohu Yang,2023,2023 38th IEEE/ACM International Conference on Automated Software Engineering (ASE),"(""large language model"" OR LLM OR GPT-4 OR ChatGPT) AND (""unit test generation"" OR ""test case generation"" OR ""automated test generation"") AND (Java OR Python)"
37,Software Unit Test Automation with LLM-Based Generative AI: Evaluating Test Quality through Code Coverage and Edge-Case Analysis,Sevdanur Genç; Mustafa Furkan Ceylan; Ayhan İstanbullu,2025,2025 10th International Conference on Computer Science and Engineering (UBMK),"(""large language model"" OR LLM OR GPT-4 OR ChatGPT) AND (""unit test generation"" OR ""test case generation"" OR ""automated test generation"") AND (Java OR Python)"
38,TRAGIC: Test Oracle Generation for ISA Compliance Testing via Large Language Model,Zhihao Xu; Bixin Li; Xiaoning Du; Lulu Wang; Li Liao; Ying Zhou,2025,IEEE Transactions on Computer-Aided Design of Integrated Circuits and Systems,"(""large language model"" OR LLM OR GPT-4 OR ChatGPT) AND (""unit test generation"" OR ""test case generation"" OR ""automated test generation"") AND (Java OR Python)"
39,A Program Synthesis Dataset for LLM Temperature Analysis,Zoltán Ságodi; István Kolláth; Péter Hegedűs; Rudolf Ferenc,2025,IEEE Access,"(""large language model"" OR LLM OR GPT-4 OR ChatGPT) AND (""unit test generation"" OR ""test case generation"" OR ""automated test generation"") AND (Java OR Python)"
40,Chatgpt-Based Test Generation for Refactoring Engines Enhanced by Feature Analysis on Examples,Chunhao Dong; Yanjie Jiang; Yuxia Zhang; Yang Zhang; Hui Liu,2025,2025 IEEE/ACM 47th International Conference on Software Engineering (ICSE),"(""large language model"" OR LLM OR GPT-4 OR ChatGPT) AND (""unit test generation"" OR ""test case generation"" OR ""automated test generation"") AND (Java OR Python)"
41,CodaMosa: Escaping Coverage Plateaus in Test Generation with Pre-trained Large Language Models,Caroline Lemieux; Jeevana Priya Inala; Shuvendu K. Lahiri; Siddhartha Sen,2023,2023 IEEE/ACM 45th International Conference on Software Engineering (ICSE),"(""large language model"" OR LLM OR GPT-4 OR ChatGPT) AND (""unit test generation"" OR ""test case generation"" OR ""automated test generation"") AND (Java OR Python)"
42,Trace: Test Repair via Agent-based Context Extraction with LLMs,Jingxiang Tu; Bo Lin; Yihao Qin; Shangwen Wang; Liqian Chen; Xiaoguang Mao,2025,2025 32nd Asia-Pacific Software Engineering Conference (APSEC),"(""large language model"" OR LLM OR GPT-4 OR ChatGPT) AND (""unit test generation"" OR ""test case generation"" OR ""automated test generation"") AND (Java OR Python)"
43,A Fully Automated Agent for End-to-End Code Translation and Validation,Eray Erer; Aysun Bozanta; Turgay Aytac; Ayse Basar,2025,2025 IEEE International Conference on Collaborative Advances in Software and COmputiNg (CASCON),"(""large language model"" OR LLM OR GPT-4 OR ChatGPT) AND (""unit test generation"" OR ""test case generation"" OR ""automated test generation"") AND (Java OR Python)"
44,LLM-Based Test-Driven Interactive Code Generation: User Study and Empirical Evaluation,Sarah Fakhoury; Aaditya Naik; Georgios Sakkas; Saikat Chakraborty; Shuvendu K. Lahiri,2024,IEEE Transactions on Software Engineering,"(""large language model"" OR LLM OR GPT-4 OR ChatGPT) AND (""unit test generation"" OR ""test case generation"" OR ""automated test generation"") AND (Java OR Python)"
45,AugmenTest: Enhancing Tests with LLM-Driven Oracles,Shaker Mahmud Khandaker; Fitsum Kifetew; Davide Prandi; Angelo Susi,2025,"2025 IEEE Conference on Software Testing, Verification and Validation (ICST)","(""large language model"" OR LLM OR GPT-4 OR ChatGPT) AND (""unit test generation"" OR ""test case generation"" OR ""automated test generation"") AND (Java OR Python)"
46,Poster: Unit Testing Past vs. Present: Examining LLMs' Impact on Defect Detection and Efficiency,Rudolf Ramler; Philipp Straubinger; Reinhold Plösch; Dietmar Winkler,2025,"2025 IEEE Conference on Software Testing, Verification and Validation (ICST)","(""large language model"" OR LLM OR GPT-4 OR ChatGPT) AND (""unit test generation"" OR ""test case generation"" OR ""automated test generation"") AND (Java OR Python)"
47,FailMapper: Automated Generation of Unit Tests Guided by Failure Scenarios,Ruiqi Dong; Zehang Deng; Xiaogang Zhu; Xiaoning Du; Huai Liu; Shaohua Wang; Sheng Wen; Yang Xiang,2025,2025 40th IEEE/ACM International Conference on Automated Software Engineering (ASE),"(""large language model"" OR LLM OR GPT-4 OR ChatGPT) AND (""unit test generation"" OR ""test case generation"" OR ""automated test generation"") AND (Java OR Python)"
48,RepoTransBench: A Real-World Multilingual Benchmark for Repository-Level Code Translation,Yanli Wang; Yanlin Wang; Suiquan Wang; Daya Guo; Jiachi Chen; John Grundy; Xilin Liu; Yuchi Ma; Mingzhi Mao; Hongyu Zhang; Zibin Zheng,2026,IEEE Transactions on Software Engineering,"(""large language model"" OR LLM OR GPT-4 OR ChatGPT) AND (""unit test generation"" OR ""test case generation"" OR ""automated test generation"") AND (Java OR Python)"
49,Unraveling the Potential of Large Language Models in Code Translation: How Far are We?,Qingxiao Tao; Tingrui Yu; Xiaodong Gu; Beijun Shen,2024,2024 31st Asia-Pacific Software Engineering Conference (APSEC),"(""large language model"" OR LLM OR GPT-4 OR ChatGPT) AND (""unit test generation"" OR ""test case generation"" OR ""automated test generation"") AND (Java OR Python)"
50,Assertion-Aware Test Code Summarization with Large Language Models,Anamul Haque Mollah; Ahmed Aljohani; Hyunsook Do,2025,2025 2nd IEEE/ACM International Conference on AI-powered Software (AIware),"(""large language model"" OR LLM OR GPT-4 OR ChatGPT) AND (""unit test generation"" OR ""test case generation"" OR ""automated test generation"") AND (Java OR Python)"
51,Treefix: Enabling Execution with a Tree of Prefixes,Beatriz Souza; Michael Pradel,2025,2025 IEEE/ACM 47th International Conference on Software Engineering (ICSE),"(""large language model"" OR LLM OR GPT-4 OR ChatGPT) AND (""unit test generation"" OR ""test case generation"" OR ""automated test generation"") AND (Java OR Python)"
52,DeepLancet: Effectively Detecting Deep Learning Library Bugs via LLM-assisted Testcase Generation,Zihao Luo; Baojian Hua,2025,"2025 IEEE 24th International Conference on Trust, Security and Privacy in Computing and Communications (TrustCom)","(""large language model"" OR LLM OR GPT-4 OR ChatGPT) AND (""unit test generation"" OR ""test case generation"" OR ""automated test generation"") AND (Java OR Python)"
53,Do LLMs Generate Useful Test Oracles? An Empirical Study with an Unbiased Dataset,Davide Molinelli; Luca Di Grazia; Alberto Martin-Lopez; Michael D. Ernst; Mauro Pezzè,2025,2025 40th IEEE/ACM International Conference on Automated Software Engineering (ASE),"(""large language model"" OR LLM OR GPT-4 OR ChatGPT) AND (""unit test generation"" OR ""test case generation"" OR ""automated test generation"") AND (Java OR Python)"
54,A Cross-Language Dynamic Vulnerability Detection Methodology Driven by Multi-Model Collaboration,Huimin Ma; Peiyuan Xie; Pengfei Xue; Yuwei Li; Yang Li,2025,2025 IEEE 12th Joint International Information Technology and Artificial Intelligence Conference (ITAIC),"(""large language model"" OR LLM OR GPT-4 OR ChatGPT) AND (""unit test generation"" OR ""test case generation"" OR ""automated test generation"") AND (Java OR Python)"
55,Mutation-Guided Unit Test Generation With a Large Language Model,Guancheng Wang; Qinghua Xu; Lionel Briand; Kui Liu,2026,IEEE Transactions on Software Engineering,"(""large language model"" OR LLM OR GPT-4) AND (""unit test"" OR ""test case"") AND (""branch coverage"" OR ""code coverage"" OR ""mutation score"" OR ""mutation testing"")"
56,Comparative Study on Test Case generation using Generative AI,Adham Azzam; Omar Hany; Hesham Mansour,2025,"2025 Intelligent Methods, Systems, and Applications​ (IMSA)","(""large language model"" OR LLM OR GPT-4) AND (""unit test"" OR ""test case"") AND (""branch coverage"" OR ""code coverage"" OR ""mutation score"" OR ""mutation testing"")"
57,Large Language Model-Enhanced Test Case Generation*,Qi Zhang; Rui Kang; Yitian Liu; Xiayu Cao,2025,"2025 4th International Conference on Cloud Computing, Big Data Application and Software Engineering (CBASE)","(""large language model"" OR LLM OR GPT-4) AND (""unit test"" OR ""test case"") AND (""branch coverage"" OR ""code coverage"" OR ""mutation score"" OR ""mutation testing"")"
58,Mutation Testing via Iterative Large Language Model-Driven Scientific Debugging,Philipp Straubinger; Marvin Kreis; Stephan Lukasczyk; Gordon Fraser,2025,"2025 IEEE International Conference on Software Testing, Verification and Validation Workshops (ICSTW)","(""large language model"" OR LLM OR GPT-4) AND (""unit test"" OR ""test case"") AND (""branch coverage"" OR ""code coverage"" OR ""mutation score"" OR ""mutation testing"")"
59,Unit Test Case Generation from Source Code Based on Control Flow Graph,Azmi Hasna Zahrani; Yani Widyani,2025,2025 IEEE International Conference on Data and Software Engineering (ICoDSE),"(""large language model"" OR LLM OR GPT-4) AND (""unit test"" OR ""test case"") AND (""branch coverage"" OR ""code coverage"" OR ""mutation score"" OR ""mutation testing"")"
60,Evaluating the Effectiveness of Large Language Models in Automated Unit Test Generation,Tharindu Godage; Sivaraj Nimishan; Shanmuganathan Vasanthapriyan; Vigneshwaran Palanisamy; Charles Joseph; Selvarajah Thuseethan,2025,2025 5th International Conference on Advanced Research in Computing (ICARC),"(""large language model"" OR LLM OR GPT-4) AND (""unit test"" OR ""test case"") AND (""branch coverage"" OR ""code coverage"" OR ""mutation score"" OR ""mutation testing"")"
61,"AI-Powered Unit Test Generation via Multi-LLM Chaining: A Case Study With GPT-4o, Gemini, and Claude-3.5",Chandan Kumar; Usha Sri Ponaka; Pula V. Lakshmi Narasimha Naidu; Pyatlo Bhuvaneswari; Mukesh Prasad; Sunil Kumar Singh,2025,IEEE Access,"(""large language model"" OR LLM OR GPT-4) AND (""unit test"" OR ""test case"") AND (""branch coverage"" OR ""code coverage"" OR ""mutation score"" OR ""mutation testing"")"
62,Alchemist: LLM-Driven Test Generation using Solidity Mutants and the Scientific Method,Morena Barboni; Filippo Lampa; Andrea Morichetta; Andrea Polini; Edward Zulkoski,2025,2025 IEEE International Conference on Blockchain and Cryptocurrency (ICBC),"(""large language model"" OR LLM OR GPT-4) AND (""unit test"" OR ""test case"") AND (""branch coverage"" OR ""code coverage"" OR ""mutation score"" OR ""mutation testing"")"
63,Leveraging Long Method Decomposition to Improve Large Language Model-Based Test Case Generation,Rongzhi Qi; Zhiyu Shen; Yadi Li,2025,"2025 IEEE International Conference on Systems, Man, and Cybernetics (SMC)","(""large language model"" OR LLM OR GPT-4) AND (""unit test"" OR ""test case"") AND (""branch coverage"" OR ""code coverage"" OR ""mutation score"" OR ""mutation testing"")"
64,"LLM-Based Unit Test Cases Generation for React, Vue, and Angular Components",Geenoth Wimalagunasekara; Shanmuganathan Vasanthapriyan,2026,2026 6th International Conference on Advanced Research in Computing (ICARC),"(""large language model"" OR LLM OR GPT-4) AND (""unit test"" OR ""test case"") AND (""branch coverage"" OR ""code coverage"" OR ""mutation score"" OR ""mutation testing"")"
65,Exploration of Code Analysis Driven Unit Test Generation Method Based on Llm,Na Wang; Xiaorong Zhang; Hongbing Zhu; Xiqianlong Yuan; Lijuan Peng,2025,"2025 18th International Congress on Image and Signal Processing, BioMedical Engineering and Informatics (CISP-BMEI)","(""large language model"" OR LLM OR GPT-4) AND (""unit test"" OR ""test case"") AND (""branch coverage"" OR ""code coverage"" OR ""mutation score"" OR ""mutation testing"")"
66,"A Cascaded Pipeline for Self-Directed, Model-Agnostic Unit Test Generation via LLMs",Chao Ni; Xiaoya Wang; Xin Yin; Liushan Chen; Guojun Ma,2025,2025 IEEE 36th International Symposium on Software Reliability Engineering (ISSRE),"(""large language model"" OR LLM OR GPT-4) AND (""unit test"" OR ""test case"") AND (""branch coverage"" OR ""code coverage"" OR ""mutation score"" OR ""mutation testing"")"
67,Balancing Cost and Quality in LLM-based Test Case Generation by Prompt Engineering,So Onishi; Keisuke Kitamura; Akihito Kohiga; Takahiro Koita,2025,2025 3rd International Conference on Foundation and Large Language Models (FLLM),"(""large language model"" OR LLM OR GPT-4) AND (""unit test"" OR ""test case"") AND (""branch coverage"" OR ""code coverage"" OR ""mutation score"" OR ""mutation testing"")"
68,Rug: Turbo Llm for Rust Unit Test Generation,Xiang Cheng; Fan Sang; Yizhuo Zhai; Xiaokuan Zhang; Taesoo Kim,2025,2025 IEEE/ACM 47th International Conference on Software Engineering (ICSE),"(""large language model"" OR LLM OR GPT-4) AND (""unit test"" OR ""test case"") AND (""branch coverage"" OR ""code coverage"" OR ""mutation score"" OR ""mutation testing"")"
69,LLM-Guided Initial Seed Selection for Black-Box IoT Fuzzing to Enhance Vulnerability Detection,Hibiki Nakanishi; Kento Hasegawa; Seira Hidano; Kazuhide Fukushima; Kazuo Hashimoto; Nozomu Togawa,2025,"2025 Computing, Communications and IoT Applications (ComComAp)","(""large language model"" OR LLM OR GPT-4) AND (""unit test"" OR ""test case"") AND (""branch coverage"" OR ""code coverage"" OR ""mutation score"" OR ""mutation testing"")"
70,Enhancing LLM’s Ability to Generate More Repository-Aware Unit Tests Through Precise Context Injection,Xin Yin; Chao Ni; Xinrui Li; Liushan Chen; Guojun Ma; Xiaohu Yang,2025,2025 40th IEEE/ACM International Conference on Automated Software Engineering (ASE),"(""large language model"" OR LLM OR GPT-4) AND (""unit test"" OR ""test case"") AND (""branch coverage"" OR ""code coverage"" OR ""mutation score"" OR ""mutation testing"")"
71,Generating Test Cases with Large Language Model: Frameworks and Challenges,Mahnaz Reza Hosseini; Naeem Khalid Janjua; Ahmad Mohsin; Saeed Ur Rahman,2025,2025 IEEE International Conference on E-Business Engineering (ICEBE),"(""large language model"" OR LLM OR GPT-4) AND (""unit test"" OR ""test case"") AND (""branch coverage"" OR ""code coverage"" OR ""mutation score"" OR ""mutation testing"")"
72,Intent Based E2E Automated Test Case Generation for Web Applications Using LLM,Zain Ul Abideen; Guo Junxia,2025,"2025 IEEE 49th Annual Computers, Software, and Applications Conference (COMPSAC)","(""large language model"" OR LLM OR GPT-4) AND (""unit test"" OR ""test case"") AND (""branch coverage"" OR ""code coverage"" OR ""mutation score"" OR ""mutation testing"")"
73,Quality Evaluation of LLM-based Generated Test Case: A Literature Review,Novi Setiani; Alifia,2025,2025 IEEE International Conference on Data and Software Engineering (ICoDSE),"(""large language model"" OR LLM OR GPT-4) AND (""unit test"" OR ""test case"") AND (""branch coverage"" OR ""code coverage"" OR ""mutation score"" OR ""mutation testing"")"
74,Clarifying Semantics of In-Context Examples for Unit Test Generation,Chen Yang; Lin Yang; Ziqi Wang; Dong Wang; Jianyi Zhou; Junjie Chen,2025,2025 40th IEEE/ACM International Conference on Automated Software Engineering (ASE),"(""large language model"" OR LLM OR GPT-4) AND (""unit test"" OR ""test case"") AND (""branch coverage"" OR ""code coverage"" OR ""mutation score"" OR ""mutation testing"")"
75,Enhancing Test Case Generation for Fuzzing Deep Learning Libraries Using Few-Shot Learning,Bing Yang; Senyi Li; Junqiang Li; Kaiyu Du; Hongfang Yu; Jian Sun; Long Luo,2025,2025 IEEE 10th International Conference on Data Science in Cyberspace (DSC),"(""large language model"" OR LLM OR GPT-4) AND (""unit test"" OR ""test case"") AND (""branch coverage"" OR ""code coverage"" OR ""mutation score"" OR ""mutation testing"")"
76,FuzzCoder: Code Large Language Model-Based Fuzz Testing for Industrial IoT Programs,Liqun Yang; Chaoren Wei; Jian Yang; Wanxu Xia; Yuze Yang; Yang Luo; Dusit Niyato; Liang Sun; Zhiquan Liu,2025,IEEE Internet of Things Journal,"(""large language model"" OR LLM OR GPT-4) AND (""unit test"" OR ""test case"") AND (""branch coverage"" OR ""code coverage"" OR ""mutation score"" OR ""mutation testing"")"
77,GrammLLM: Grammar-Guided LLM Test Generation for Compiler Validation,Mohamed Gamal Talaat; Mostafa Hassan; Mohamed Sayed; Mohanad Mohamed; Islam Ahmed,2025,2025 37th International Conference on Microelectronics (ICM),"(""large language model"" OR LLM OR GPT-4) AND (""unit test"" OR ""test case"") AND (""branch coverage"" OR ""code coverage"" OR ""mutation score"" OR ""mutation testing"")"
78,Mutant-Driven Test Generation for Ethereum Smart Contracts via LLMs,Morena Barboni; Filippo Lampa; Andrea Morichetta; Andrea Polini; Edward Zulkoski,2025,2025 IEEE International Conference on Artificial Intelligence Testing (AITest),"(""large language model"" OR LLM OR GPT-4) AND (""unit test"" OR ""test case"") AND (""branch coverage"" OR ""code coverage"" OR ""mutation score"" OR ""mutation testing"")"
79,A Novel Approach to Test Case Generation in Software Testing Using Pre-Trained Large Language Models,Moughit Imane; Hafidi Imad; Mouhassine Najib; Moughit Mohamed,2025,2025 12th International Conference on Wireless Networks and Mobile Communications (WINCOM),"(""large language model"" OR LLM OR GPT-4) AND (""unit test"" OR ""test case"") AND (""branch coverage"" OR ""code coverage"" OR ""mutation score"" OR ""mutation testing"")"
80,CAMUS: Context-Aware Neural Mutation Selection,Mingda Chen; Bo Wang; Youfang Lin; Jie M. Zhang,2025,2025 32nd Asia-Pacific Software Engineering Conference (APSEC),"(""large language model"" OR LLM OR GPT-4) AND (""unit test"" OR ""test case"") AND (""branch coverage"" OR ""code coverage"" OR ""mutation score"" OR ""mutation testing"")"
81,An Empirical Evaluation of Using Large Language Models for Automated Unit Test Generation,Max Schäfer; Sarah Nadi; Aryaz Eghbali; Frank Tip,2024,IEEE Transactions on Software Engineering,"(""large language model"" OR LLM OR GPT-4) AND (""unit test"" OR ""test case"") AND (""branch coverage"" OR ""code coverage"" OR ""mutation score"" OR ""mutation testing"")"
82,TAM-Eval: Evaluating LLMs for Automated Unit Test Maintenance,Elena Bruches; Vadim Alperovich; Dari Baturova; Roman Derunets; Daniil Grebenkin; Georgy Mkrtchyan; Oleg Sedukhin; Mikhail Klementev; Ivan Bondarenko; Nikolay Bushkov; Stanislav Moiseev,2026,"2026 IEEE International Conference on Software Analysis, Evolution and Reengineering - Companion (SANER-C)","(""large language model"" OR LLM OR GPT-4) AND (""unit test"" OR ""test case"") AND (""branch coverage"" OR ""code coverage"" OR ""mutation score"" OR ""mutation testing"")"
83,Unit Test Update through LLM-Driven Context Collection and Error-Type-Aware Refinement,Yuanhe Zhang; Zhiquan Yang; Shengyi Pan; Zhongxin Liu,2025,2025 40th IEEE/ACM International Conference on Automated Software Engineering (ASE),"(""large language model"" OR LLM OR GPT-4) AND (""unit test"" OR ""test case"") AND (""branch coverage"" OR ""code coverage"" OR ""mutation score"" OR ""mutation testing"")"
84,From Heuristics to Intelligence: Large Language Model-Driven Test Case Generation,Antonio Mastropaolo; Rick Kuhn; Jeffrey Voas,2025,Computer,"(""large language model"" OR LLM OR GPT-4) AND (""unit test"" OR ""test case"") AND (""branch coverage"" OR ""code coverage"" OR ""mutation score"" OR ""mutation testing"")"
85,LLM-Driven Smart Test Case Generation for Scalable Software Testing,Kanaganandini Kanagaraj; Devansh Handa; Kindi Krishna Nikhil; S. Duvarakanath; Supriya M.,2025,"2025 2nd International Conference on Software, Systems and Information Technology (SSITCON)","(""large language model"" OR LLM OR GPT-4) AND (""unit test"" OR ""test case"") AND (""branch coverage"" OR ""code coverage"" OR ""mutation score"" OR ""mutation testing"")"
86,Impact Assessment of Structured Results for the Reliability of LLM-generated Tests,Dovydas Marius Zapkus; Asta Slotkienė,2026,"2026 Open Conference of Electrical, Electronic and Information Sciences (eStream)","(""large language model"" OR LLM OR GPT-4) AND (""unit test"" OR ""test case"") AND (""branch coverage"" OR ""code coverage"" OR ""mutation score"" OR ""mutation testing"")"
87,Multi-Stage Generation of Rust Unit Tests with LLMs,Yongqian Chen; Junwei Zhang; Xing Hu; Xin Xia,2025,2025 32nd Asia-Pacific Software Engineering Conference (APSEC),"(""large language model"" OR LLM OR GPT-4) AND (""unit test"" OR ""test case"") AND (""branch coverage"" OR ""code coverage"" OR ""mutation score"" OR ""mutation testing"")"
88,Automated Test Case Generation (ATCG): Leveraging Large Language Models for Software Testing,Vasim Shaikh; Vijay Walunj; Amarnath Hanumantharaya; Harsha Vanama,2025,"2025 4th International Conference on Computing, Management and Telecommunications (ComManTel)","(""large language model"" OR LLM OR GPT-4) AND (""unit test"" OR ""test case"") AND (""branch coverage"" OR ""code coverage"" OR ""mutation score"" OR ""mutation testing"")"
89,Large Language Model-Assisted Security Testing for Embedded Systems,Xing Liu; Jian Lin; Weiyu Dong; Zhizhuo Tang; Yonghao Wang,2025,"2025 International Conference on Signal Processing, Computer Networks and Communications (SPCNC)","(""large language model"" OR LLM OR GPT-4) AND (""unit test"" OR ""test case"") AND (""branch coverage"" OR ""code coverage"" OR ""mutation score"" OR ""mutation testing"")"
90,Exploring the Capability of ChatGPT in Test Generation,Gaolei Yi; Zizhao Chen; Zhenyu Chen; W. Eric Wong; Nicholas Chau,2023,"2023 IEEE 23rd International Conference on Software Quality, Reliability, and Security Companion (QRS-C)","(""large language model"" OR LLM OR GPT-4) AND (""unit test"" OR ""test case"") AND (""branch coverage"" OR ""code coverage"" OR ""mutation score"" OR ""mutation testing"")"
91,Boosting Test Generation in Industrial Codebases: A Comparative Study of Base and Fine-Tuned LLMs,Azeem Ahmad; Muhammad Rashid Naeem,2026,IEEE Access,"(""large language model"" OR LLM OR GPT-4) AND (""unit test"" OR ""test case"") AND (""branch coverage"" OR ""code coverage"" OR ""mutation score"" OR ""mutation testing"")"
92,Assessing Evaluation Metrics for Neural Test Oracle Generation,Jiho Shin; Hadi Hemmati; Moshi Wei; Song Wang,2024,IEEE Transactions on Software Engineering,"(""large language model"" OR LLM OR GPT-4) AND (""unit test"" OR ""test case"") AND (""branch coverage"" OR ""code coverage"" OR ""mutation score"" OR ""mutation testing"")"
93,Empirical Evaluation of Large Language Models for Novice Program Fault Localization,Yangtao Liu; Hengyuan Liu; Zezhong Yang; Zheng Li; Yong Liu,2024,"2024 IEEE 24th International Conference on Software Quality, Reliability and Security (QRS)","(""large language model"" OR LLM OR GPT-4) AND (""unit test"" OR ""test case"") AND (""branch coverage"" OR ""code coverage"" OR ""mutation score"" OR ""mutation testing"")"
94,LLMLOOP: Improving LLM-Generated Code and Tests Through Automated Iterative Feedback Loops,Ravin Ravi; Dylan Bradshaw; Stefano Ruberto; Gunel Jahangirova; Valerio Terragni,2025,2025 IEEE International Conference on Software Maintenance and Evolution (ICSME),"(""large language model"" OR LLM OR GPT-4) AND (""unit test"" OR ""test case"") AND (""branch coverage"" OR ""code coverage"" OR ""mutation score"" OR ""mutation testing"")"
95,Chattss: Improving Test Suite Simplification Via Large Language Models,Gaolei Yi; Yuan Zhao; Runkang Feng; Quanjun Zhang; Zhenyu Chen,2025,"2025 25th International Conference on Software Quality, Reliability and Security (QRS)","(""large language model"" OR LLM OR GPT-4) AND (""unit test"" OR ""test case"") AND (""branch coverage"" OR ""code coverage"" OR ""mutation score"" OR ""mutation testing"")"
96,LLMs are All You Need? Improving Fuzz Testing for MOJO with Large Language Models,Linghan Huang; Peizhou Zhao; Huaming Chen,2025,2025 32nd Asia-Pacific Software Engineering Conference (APSEC),"(""large language model"" OR LLM OR GPT-4) AND (""unit test"" OR ""test case"") AND (""branch coverage"" OR ""code coverage"" OR ""mutation score"" OR ""mutation testing"")"
97,"Software Testing With Large Language Models: Survey, Landscape, and Vision",Junjie Wang; Yuchao Huang; Chunyang Chen; Zhe Liu; Song Wang; Qing Wang,2024,IEEE Transactions on Software Engineering,"(""large language model"" OR LLM OR GPT-4) AND (""unit test"" OR ""test case"") AND (""branch coverage"" OR ""code coverage"" OR ""mutation score"" OR ""mutation testing"")"
98,Action-State Testing—A Model for Test Design Automation,István Forgács; Attila Kovács,2025,IEEE Access,"(""large language model"" OR LLM OR GPT-4) AND (""unit test"" OR ""test case"") AND (""branch coverage"" OR ""code coverage"" OR ""mutation score"" OR ""mutation testing"")"
99,SATORI: Static Test Oracle Generation for REST APIs,Juan C. Alonso; Alberto Martin-Lopez; Sergio Segura; Gabriele Bavota; Antonio Ruiz-Cortés,2025,2025 40th IEEE/ACM International Conference on Automated Software Engineering (ASE),"(""large language model"" OR LLM OR GPT-4) AND (""unit test"" OR ""test case"") AND (""branch coverage"" OR ""code coverage"" OR ""mutation score"" OR ""mutation testing"")"
100,Towards Understanding the Effectiveness of Large Language Models on Directed Test Input Generation,Zongze Jiang; Ming Wen; Jialun Cao; Xuanhua Shi; Hai Jin,2024,2024 39th IEEE/ACM International Conference on Automated Software Engineering (ASE),"(""large language model"" OR LLM OR GPT-4) AND (""unit test"" OR ""test case"") AND (""branch coverage"" OR ""code coverage"" OR ""mutation score"" OR ""mutation testing"")"
101,TrustPKBG: Trustworthy Protocol Knowledge Blueprints Generation via LLM for Low-Altitude AAV Networks,Fan Wu; Yuxin Zhang; Gaolei Li; Jianhua Li; Jin Ma,2026,IEEE Transactions on Cognitive Communications and Networking,"(""large language model"" OR LLM OR GPT-4) AND (""unit test"" OR ""test case"") AND (""branch coverage"" OR ""code coverage"" OR ""mutation score"" OR ""mutation testing"")"
102,Toward Automated Validation of Language Model Synthesized Test Cases Using Semantic Entropy,Hamed Taherkhani; Jiho Shin; Muhammad Ammar Tahir; Md Rakib Hossain Misu; Vineet Sunil Gattani; Hadi Hemmati,2026,IEEE Transactions on Software Engineering,"(""large language model"" OR LLM OR GPT-4) AND (""unit test"" OR ""test case"") AND (""branch coverage"" OR ""code coverage"" OR ""mutation score"" OR ""mutation testing"")"
103,Clozemaster: Fuzzing Rust Compiler by Harnessing Llms for Infilling Masked Real Programs,Hongyan Gao; Yibiao Yang; Maolin Sun; Jiangchang Wu; Yuming Zhou; Baowen Xu,2025,2025 IEEE/ACM 47th International Conference on Software Engineering (ICSE),"(""large language model"" OR LLM OR GPT-4) AND (""unit test"" OR ""test case"") AND (""branch coverage"" OR ""code coverage"" OR ""mutation score"" OR ""mutation testing"")"
104,LLM Prompt Engineering for Automated White-Box Integration Test Generation in REST APIs,André Mesquita Rincon; Auri Marcelo Rizzo Vincenzi; João Pascoal Faria,2025,"2025 IEEE International Conference on Software Testing, Verification and Validation Workshops (ICSTW)","(""large language model"" OR LLM OR GPT-4) AND (""unit test"" OR ""test case"") AND (""branch coverage"" OR ""code coverage"" OR ""mutation score"" OR ""mutation testing"")"
105,LWDIFF: an LLM-Assisted Differential Testing Framework for Webassembly Runtimes,Shiyao Zhou; Jincheng Wang; He Ye; Hao Zhou; Claire Le Goues; Xiapu Luo,2025,2025 IEEE/ACM 47th International Conference on Software Engineering (ICSE),"(""large language model"" OR LLM OR GPT-4) AND (""unit test"" OR ""test case"") AND (""branch coverage"" OR ""code coverage"" OR ""mutation score"" OR ""mutation testing"")"
106,Nüwa: Enhancing MLIR Fuzzing with LLM-Driven Generation and Adaptive Mutation,Bocan Cao; Weiyuan Tong; Zhanyong Tang; Zixu Wang; Hao Huang; Yuheng Yan,2025,2025 IEEE International Conference on Software Maintenance and Evolution (ICSME),"(""large language model"" OR LLM OR GPT-4) AND (""unit test"" OR ""test case"") AND (""branch coverage"" OR ""code coverage"" OR ""mutation score"" OR ""mutation testing"")"
107,A Multi-Agent Approach for REST API Testing with Semantic Graphs and LLM-Driven Inputs,Myeongsoo Kim; Tyler Stennett; Saurabh Sinha; Alessandro Orso,2025,2025 IEEE/ACM 47th International Conference on Software Engineering (ICSE),"(""large language model"" OR LLM OR GPT-4) AND (""unit test"" OR ""test case"") AND (""branch coverage"" OR ""code coverage"" OR ""mutation score"" OR ""mutation testing"")"
108,ECG: Augmenting Embedded Operating System Fuzzing via LLM-Based Corpus Generation,Qiang Zhang; Yuheng Shen; Jianzhong Liu; Yiru Xu; Heyuan Shi; Yu Jiang; Wanli Chang,2024,IEEE Transactions on Computer-Aided Design of Integrated Circuits and Systems,"(""large language model"" OR LLM OR GPT-4) AND (""unit test"" OR ""test case"") AND (""branch coverage"" OR ""code coverage"" OR ""mutation score"" OR ""mutation testing"")"
109,MirrorFuzz: Leveraging LLM and Shared Bugs for Deep Learning Framework APIs Fuzzing,Shiwen Ou; Yuwei Li; Lu Yu; Chengkun Wei; Tingke Wen; Qiangpu Chen; Yu Chen; Haizhi Tang; Zulie Pan,2026,IEEE Transactions on Software Engineering,"(""large language model"" OR LLM OR GPT-4) AND (""unit test"" OR ""test case"") AND (""branch coverage"" OR ""code coverage"" OR ""mutation score"" OR ""mutation testing"")"
110,Impact of Large Language Models of Code on Fault Localization,Suhwan Ji; Sanghwa Lee; Changsup Lee; Yo-Sub Han; Hyeonseung Im,2025,"2025 IEEE Conference on Software Testing, Verification and Validation (ICST)","(""large language model"" OR LLM OR GPT-4) AND (""unit test"" OR ""test case"") AND (""branch coverage"" OR ""code coverage"" OR ""mutation score"" OR ""mutation testing"")"
111,A Protocol Fuzzing Framework to Detect Remotely Exploitable Vulnerabilities in IoT Nodes,Phi Tuong Lau; Stefan Katzenbeisser,2025,"2025 IEEE International Conference on Software Testing, Verification and Validation Workshops (ICSTW)","(""large language model"" OR LLM OR GPT-4) AND (""unit test"" OR ""test case"") AND (""branch coverage"" OR ""code coverage"" OR ""mutation score"" OR ""mutation testing"")"
112,TaK-Fuzz: Transaction-aware Knowledge Smart Contract Fuzzing with Retrieval-Augmented Generation and Language Models,Nguyen Ho Nhat Khoa; Nguyen Thanh Kiet; Vo Truong Trung Hieu; Truong Thi Hoang Hao; Phan The Duy,2025,2025 RIVF International Conference on Computing and Communication Technologies (RIVF),"(""large language model"" OR LLM OR GPT-4) AND (""unit test"" OR ""test case"") AND (""branch coverage"" OR ""code coverage"" OR ""mutation score"" OR ""mutation testing"")"
113,MR-Adopt: Automatic Deduction of Input Transformation Function for Metamorphic Testing,Congying Xu; Songqiang Chen; Jiarong Wu; Shing-Chi Cheung; Valerio Terragni; Hengcheng Zhu; Jialun Cao,2024,2024 39th IEEE/ACM International Conference on Automated Software Engineering (ASE),"(""large language model"" OR LLM OR GPT-4) AND (""unit test"" OR ""test case"") AND (""branch coverage"" OR ""code coverage"" OR ""mutation score"" OR ""mutation testing"")"
114,SMTPRT: Performance Regression Testing and Localization for SMT Solvers Across Multiple Logics,Ziyang Wang; Xiaohong Li; Lili Quan; Zhiping Zhou; Yao Zhang; Ruitao Feng,2025,2025 32nd Asia-Pacific Software Engineering Conference (APSEC),"(""large language model"" OR LLM OR GPT-4) AND (""unit test"" OR ""test case"") AND (""branch coverage"" OR ""code coverage"" OR ""mutation score"" OR ""mutation testing"")"
115,TOGLL: Correct and Strong Test Oracle Generation with LLMS,Soneya Binta Hossain; Matthew B. Dwyer,2025,2025 IEEE/ACM 47th International Conference on Software Engineering (ICSE),"(""large language model"" OR LLM OR GPT-4) AND (""unit test"" OR ""test case"") AND (""branch coverage"" OR ""code coverage"" OR ""mutation score"" OR ""mutation testing"")"
116,Improving the Readability of Automatically Generated Tests Using Large Language Models,Matteo Biagiola; Gianluca Ghislotti; Paolo Tonella,2025,"2025 IEEE Conference on Software Testing, Verification and Validation (ICST)","(""large language model"" OR LLM OR GPT-4) AND (""unit test"" OR ""test case"") AND (""branch coverage"" OR ""code coverage"" OR ""mutation score"" OR ""mutation testing"")"
117,Sedar: Obtaining High-Quality Seeds for DBMS Fuzzing via Cross-DBMS SQL Transfer,Jingzhou Fu; Jie Liang; Zhiyong Wu; Yu Jiang,2024,2024 IEEE/ACM 46th International Conference on Software Engineering (ICSE),"(""large language model"" OR LLM OR GPT-4) AND (""unit test"" OR ""test case"") AND (""branch coverage"" OR ""code coverage"" OR ""mutation score"" OR ""mutation testing"")"
118,MultiFuzz: A Dense Retrieval-based Multi-Agent System for Network Protocol Fuzzing,Youssef Maklad; Fares Wael; Ali Hamdi; Wael Elsersy; Khaled Shaban,2025,2025 IEEE/ACS 22nd International Conference on Computer Systems and Applications (AICCSA),"(""large language model"" OR LLM OR GPT-4) AND (""unit test"" OR ""test case"") AND (""branch coverage"" OR ""code coverage"" OR ""mutation score"" OR ""mutation testing"")"
119,GLMFuzz: Vulnerability Knowledge Guided Prompting for Efficient Network Protocol Fuzzing,Shengkai Zhu; Shuitao Gan; Xiaofeng Wang; Yan Nan,2025,"2025 25th International Conference on Software Quality, Reliability and Security (QRS)","(""large language model"" OR LLM OR GPT-4) AND (""unit test"" OR ""test case"") AND (""branch coverage"" OR ""code coverage"" OR ""mutation score"" OR ""mutation testing"")"
120,RPG: Linux Kernel Fuzzing Guided by Distribution-Specific Runtime Parameter Interfaces,Yuhan Chen; Yuheng Shen; Guoyu Yin; Fan Ding; Runzhe Wang; Tao Ma; Xiaohai Shi; Qiang Fu; Ying Fu; Heyuan Shi,2025,2025 40th IEEE/ACM International Conference on Automated Software Engineering (ASE),"(""large language model"" OR LLM OR GPT-4) AND (""unit test"" OR ""test case"") AND (""branch coverage"" OR ""code coverage"" OR ""mutation score"" OR ""mutation testing"")"
